-- phpMyAdmin SQL Dump
-- version 5.2.0
-- https://www.phpmyadmin.net/
--
-- Host: 127.0.0.1
-- Generation Time: Jan 05, 2023 at 12:46 PM
-- Server version: 10.4.24-MariaDB
-- PHP Version: 8.1.6

SET SQL_MODE = "NO_AUTO_VALUE_ON_ZERO";
START TRANSACTION;
SET time_zone = "+00:00";


/*!40101 SET @OLD_CHARACTER_SET_CLIENT=@@CHARACTER_SET_CLIENT */;
/*!40101 SET @OLD_CHARACTER_SET_RESULTS=@@CHARACTER_SET_RESULTS */;
/*!40101 SET @OLD_COLLATION_CONNECTION=@@COLLATION_CONNECTION */;
/*!40101 SET NAMES utf8mb4 */;

--
-- Database: `bettrapp`
--

-- --------------------------------------------------------

--
-- Table structure for table `categories`
--

CREATE TABLE `categories` (
  `categorieId` int(12) NOT NULL,
  `categorieName` varchar(255) NOT NULL,
  `categorieDesc` text NOT NULL,
  `categorieCreateDate` datetime NOT NULL DEFAULT current_timestamp()
) ENGINE=InnoDB DEFAULT CHARSET=utf8mb4;

--
-- Dumping data for table `categories`
--

INSERT INTO `categories` (`categorieId`, `categorieName`, `categorieDesc`, `categorieCreateDate`) VALUES
(1, 'Painting', 'the expression of ideas and emotions, with the creation of certain aesthetic qualities, in a two-dimensional visual language.Different from the others. it is a physical asset', '2022-12-17 06:41:00'),
(2, 'Visual Art', 'artistic activity or work that incorporates digital technology into the creation or production process, or as computerized art that employs and interacts with digital media.', '2021-03-17 06:41:00'),
(3, 'Video Content', 'creative art whose products are to be appreciated by sight in video format', '2022-12-17 06:41:00');

-- --------------------------------------------------------

--
-- Table structure for table `deliverydetails`
--

CREATE TABLE `deliverydetails` (
  `id` int(21) NOT NULL,
  `orderId` int(21) NOT NULL,
  `deliveryBoyName` varchar(35) NOT NULL,
  `deliveryBoyPhoneNo` bigint(25) NOT NULL,
  `deliveryTime` int(200) NOT NULL COMMENT 'Time in minutes',
  `dateTime` datetime NOT NULL DEFAULT current_timestamp()
) ENGINE=InnoDB DEFAULT CHARSET=utf8mb4;

-- --------------------------------------------------------

--
-- Table structure for table `orderitems`
--

CREATE TABLE `orderitems` (
  `id` int(21) NOT NULL,
  `orderId` int(21) NOT NULL,
  `vartId` int(21) NOT NULL,
  `itemQuantity` int(100) NOT NULL
) ENGINE=InnoDB DEFAULT CHARSET=utf8mb4;

--
-- Dumping data for table `orderitems`
--

INSERT INTO `orderitems` (`id`, `orderId`, `vartId`, `itemQuantity`) VALUES
(1, 1, 1, 1),
(2, 1, 2, 3),
(3, 2, 3, 1),
(4, 2, 2, 1),
(5, 2, 1, 1),
(6, 3, 1, 2),
(7, 3, 12, 3),
(8, 3, 14, 1),
(9, 4, 11, 1),
(10, 4, 13, 1),
(11, 5, 19, 1),
(12, 5, 18, 1),
(13, 6, 1, 1),
(14, 6, 2, 1),
(15, 7, 22, 1),
(16, 7, 23, 1),
(17, 8, 12, 1),
(18, 8, 13, 1);

-- --------------------------------------------------------

--
-- Table structure for table `orders`
--

CREATE TABLE `orders` (
  `orderId` int(21) NOT NULL,
  `userId` int(21) NOT NULL,
  `address` varchar(255) NOT NULL,
  `zipCode` int(21) NOT NULL,
  `phoneNo` bigint(21) NOT NULL,
  `amount` int(200) NOT NULL,
  `paymentMode` enum('0','1') NOT NULL DEFAULT '0' COMMENT '0=cash on delivery, \r\n1=online ',
  `orderStatus` enum('0','1','2','3','4','5','6') NOT NULL DEFAULT '0' COMMENT '0=Order Placed.\r\n1=Order Confirmed.\r\n2=Preparing your Order.\r\n3=Your order is on the way!\r\n4=Order Delivered.\r\n5=Order Denied.\r\n6=Order Cancelled.',
  `orderDate` datetime NOT NULL DEFAULT current_timestamp()
) ENGINE=InnoDB DEFAULT CHARSET=utf8mb4;

--
-- Dumping data for table `orders`
--

INSERT INTO `orders` (`orderId`, `userId`, `address`, `zipCode`, `phoneNo`, `amount`, `paymentMode`, `orderStatus`, `orderDate`) VALUES
(1, 2, 'Jl. Kaliurang No.Km. 14,5, Krawitan, Umbulmartani, Kec. Ngemplak, Kabupaten Sleman, Daerah Istimewa Yogyakarta, ', 55584, 2218729711, 5100000, '0', '5', '2022-12-17 18:11:46'),
(2, 2, 'Jl. Kaliurang No.Km. 14,5, Krawitan, Umbulmartani, Kec. Ngemplak, Kabupaten Sleman, Daerah Istimewa Yogyakarta, ', 55584, 2218729711, 2600000, '0', '0', '2022-12-17 18:13:04'),
(3, 2, 'Jl. Kaliurang No.Km. 14,5, Krawitan, Umbulmartani, Kec. Ngemplak, Kabupaten Sleman, Daerah Istimewa Yogyakarta, ', 55584, 2218729711, 11600000, '0', '0', '2022-12-18 04:22:25'),
(4, 2, 'akakkaka, ', 55584, 2218729711, 1350000, '0', '0', '2022-12-18 21:40:49'),
(5, 2, 'Jl. Kaliurang No.Km. 14,5, Krawitan, Umbulmartani, Kec. Ngemplak, Kabupaten Sleman, Daerah Istimewa Yogyakarta, ', 55584, 2218729711, 1800000, '0', '0', '2023-01-05 15:50:28'),
(6, 2, 'jalan bersama, ', 55584, 2218729711, 2100000, '0', '0', '2023-01-05 15:59:37'),
(7, 2, 'Jl. Flamboyan V B.167 desa Wanasaba Lor, ', 45171, 2218729711, 2400000, '1', '0', '2023-01-05 16:11:21'),
(8, 2, 'Jl. Kaliurang No.Km. 14,5, Krawitan, Umbulmartani, Kec. Ngemplak, Kabupaten Sleman, Daerah Istimewa Yogyakarta, ', 55584, 2218729711, 4200000, '1', '0', '2023-01-05 16:19:49');

-- --------------------------------------------------------

--
-- Table structure for table `sitedetail`
--

CREATE TABLE `sitedetail` (
  `tempId` int(11) NOT NULL,
  `systemName` varchar(21) NOT NULL,
  `email` varchar(35) NOT NULL,
  `contact1` bigint(21) NOT NULL,
  `contact2` bigint(21) DEFAULT NULL COMMENT 'Optional',
  `address` text NOT NULL,
  `dateTime` datetime NOT NULL DEFAULT current_timestamp()
) ENGINE=InnoDB DEFAULT CHARSET=utf8mb4;

--
-- Dumping data for table `sitedetail`
--

INSERT INTO `sitedetail` (`tempId`, `systemName`, `email`, `contact1`, `contact2`, `address`, `dateTime`) VALUES
(1, 'BETTR', 'bwahyuherdiansyah@gmail.com', 0, 0, 'Universitas Islam Indonesia', '2022-12-17 19:56:25');

-- --------------------------------------------------------

--
-- Table structure for table `users`
--

CREATE TABLE `users` (
  `id` int(21) NOT NULL,
  `username` varchar(21) NOT NULL,
  `firstName` varchar(21) NOT NULL,
  `lastName` varchar(21) NOT NULL,
  `email` varchar(35) NOT NULL,
  `phone` bigint(20) NOT NULL,
  `userType` enum('0','1') NOT NULL DEFAULT '0' COMMENT '0=user\r\n1=admin',
  `password` varchar(255) NOT NULL,
  `joinDate` datetime NOT NULL DEFAULT current_timestamp()
) ENGINE=InnoDB DEFAULT CHARSET=utf8mb4;

--
-- Dumping data for table `users`
--

INSERT INTO `users` (`id`, `username`, `firstName`, `lastName`, `email`, `phone`, `userType`, `password`, `joinDate`) VALUES
(1, 'admin', 'admin', 'admin', 'admin@gmail.com', 1111111111, '1', '$2y$10$AAfxRFOYbl7FdN17rN3fgeiPu/xQrx6MnvRGzqjVHlGqHAM4d9T1i', '2021-04-11 11:40:58'),
(2, 'wahyu', 'Bagas Wahyu', 'Herdiansyah', 'bwahyuherdiansyah@gmail.com', 2218729711, '0', '$2y$10$ROR/J0e3l6IcmnesUzkBNOVl2l7bd4QmB0.gCjFK78bgnAsY70hLe', '2022-12-17 15:24:34');

-- --------------------------------------------------------

--
-- Table structure for table `vart`
--

CREATE TABLE `vart` (
  `vartId` int(12) NOT NULL,
  `vartName` varchar(255) NOT NULL,
  `vartPrice` int(12) NOT NULL,
  `vartDesc` text NOT NULL,
  `vartCategorieId` int(12) NOT NULL,
  `vartPubDate` datetime NOT NULL DEFAULT current_timestamp()
) ENGINE=InnoDB DEFAULT CHARSET=utf8mb4;

--
-- Dumping data for table `vart`
--

INSERT INTO `vart` (`vartId`, `vartName`, `vartPrice`, `vartDesc`, `vartCategorieId`, `vartPubDate`) VALUES
(1, 'Red sun in the sky - Bob Ross', 600000, 'red sun in the sky, an artistic piece of art made by me. it is an honor to be this good looking art. Amazing one that another can\'t resist to boy some of it', 1, '2022-12-17 11:21:48'),
(2, 'Nordic yin & yang - Bob Ross', 1500000, 'Lorem ipsum dolor sit amet, consectetur adipiscing elit, sed do eiusmod tempor incididunt ut labore et dolore magna aliqua. Ut enim ad minim veniam, quis nostrud exercitation ullamco laboris nisi ut aliquip ex ea commodo consequat. Duis aute irure dolor in reprehenderit in voluptate velit esse cillum dolore eu fugiat nulla pariatur. Excepteur sint occaecat cupidatat non proident, sunt in culpa qui officia deserunt mollit anim id est laborum.', 1, '2022-12-17 11:21:48'),
(3, 'Floating Market - Bob Ross', 500000, 'Lorem ipsum dolor sit amet, consectetur adipiscing elit, sed do eiusmod tempor incididunt ut labore et dolore magna aliqua. Ut enim ad minim veniam, quis nostrud exercitation ullamco laboris nisi ut aliquip ex ea commodo consequat. Duis aute irure dolor in reprehenderit in voluptate velit esse cillum dolore eu fugiat nulla pariatur. Excepteur sint occaecat cupidatat non proident, sunt in culpa qui officia deserunt mollit anim id est laborum.', 1, '2022-12-17 11:30:15'),
(4, 'Nature by Itself - Bob Ross', 450000, 'Lorem ipsum dolor sit amet, consectetur adipiscing elit, sed do eiusmod tempor incididunt ut labore et dolore magna aliqua. Ut enim ad minim veniam, quis nostrud exercitation ullamco laboris nisi ut aliquip ex ea commodo consequat. Duis aute irure dolor in reprehenderit in voluptate velit esse cillum dolore eu fugiat nulla pariatur. Excepteur sint occaecat cupidatat non proident, sunt in culpa qui officia deserunt mollit anim id est laborum.', 1, '2022-12-17 11:30:15'),
(5, 'Family Forever - Bob Ross', 7500000, 'Lorem ipsum dolor sit amet, consectetur adipiscing elit, sed do eiusmod tempor incididunt ut labore et dolore magna aliqua. Ut enim ad minim veniam, quis nostrud exercitation ullamco laboris nisi ut aliquip ex ea commodo consequat. Duis aute irure dolor in reprehenderit in voluptate velit esse cillum dolore eu fugiat nulla pariatur. Excepteur sint occaecat cupidatat non proident, sunt in culpa qui officia deserunt mollit anim id est laborum.', 1, '2022-12-17 11:30:15'),
(6, 'Quite and Peaceful - Bob Marley', 6000000, 'Lorem ipsum dolor sit amet, consectetur adipiscing elit, sed do eiusmod tempor incididunt ut labore et dolore magna aliqua. Ut enim ad minim veniam, quis nostrud exercitation ullamco laboris nisi ut aliquip ex ea commodo consequat. Duis aute irure dolor in reprehenderit in voluptate velit esse cillum dolore eu fugiat nulla pariatur. Excepteur sint occaecat cupidatat non proident, sunt in culpa qui officia deserunt mollit anim id est laborum.', 1, '2022-12-17 11:30:15'),
(7, 'Beauty and Fresh - Bob Marley', 5000000, 'Lorem ipsum dolor sit amet, consectetur adipiscing elit, sed do eiusmod tempor incididunt ut labore et dolore magna aliqua. Ut enim ad minim veniam, quis nostrud exercitation ullamco laboris nisi ut aliquip ex ea commodo consequat. Duis aute irure dolor in reprehenderit in voluptate velit esse cillum dolore eu fugiat nulla pariatur. Excepteur sint occaecat cupidatat non proident, sunt in culpa qui officia deserunt mollit anim id est laborum.', 1, '2022-12-17 11:30:15'),
(8, 'Swim Swim Swim - Bob Marley', 4500000, 'Lorem ipsum dolor sit amet, consectetur adipiscing elit, sed do eiusmod tempor incididunt ut labore et dolore magna aliqua. Ut enim ad minim veniam, quis nostrud exercitation ullamco laboris nisi ut aliquip ex ea commodo consequat. Duis aute irure dolor in reprehenderit in voluptate velit esse cillum dolore eu fugiat nulla pariatur. Excepteur sint occaecat cupidatat non proident, sunt in culpa qui officia deserunt mollit anim id est laborum.', 1, '2022-12-17 11:30:15'),
(9, 'Alone & Crowded - Bob Marley', 1500000, 'Lorem ipsum dolor sit amet, consectetur adipiscing elit, sed do eiusmod tempor incididunt ut labore et dolore magna aliqua. Ut enim ad minim veniam, quis nostrud exercitation ullamco laboris nisi ut aliquip ex ea commodo consequat. Duis aute irure dolor in reprehenderit in voluptate velit esse cillum dolore eu fugiat nulla pariatur. Excepteur sint occaecat cupidatat non proident, sunt in culpa qui officia deserunt mollit anim id est laborum.', 1, '2022-12-17 11:30:15'),
(10, 'Beautiful Day - Bob Marley', 1500000, 'Lorem ipsum dolor sit amet, consectetur adipiscing elit, sed do eiusmod tempor incididunt ut labore et dolore magna aliqua. Ut enim ad minim veniam, quis nostrud exercitation ullamco laboris nisi ut aliquip ex ea commodo consequat. Duis aute irure dolor in reprehenderit in voluptate velit esse cillum dolore eu fugiat nulla pariatur. Excepteur sint occaecat cupidatat non proident, sunt in culpa qui officia deserunt mollit anim id est laborum.', 1, '2022-12-17 11:30:15'),
(11, 'Galactic - bwahyuh', 150000, 'Lorem ipsum dolor sit amet, consectetur adipiscing elit, sed do eiusmod tempor incididunt ut labore et dolore magna aliqua. Ut enim ad minim veniam, quis nostrud exercitation ullamco laboris nisi ut aliquip ex ea commodo consequat. Duis aute irure dolor in reprehenderit in voluptate velit esse cillum dolore eu fugiat nulla pariatur. Excepteur sint occaecat cupidatat non proident, sunt in culpa qui officia deserunt mollit anim id est laborum.', 2, '2022-12-17 11:44:42'),
(12, 'Superman it is - bwahyuh', 3000000, 'Lorem ipsum dolor sit amet, consectetur adipiscing elit, sed do eiusmod tempor incididunt ut labore et dolore magna aliqua. Ut enim ad minim veniam, quis nostrud exercitation ullamco laboris nisi ut aliquip ex ea commodo consequat. Duis aute irure dolor in reprehenderit in voluptate velit esse cillum dolore eu fugiat nulla pariatur. Excepteur sint occaecat cupidatat non proident, sunt in culpa qui officia deserunt mollit anim id est laborum.', 2, '2022-12-17 11:44:42'),
(13, 'Samurai belum bayar pajak - bwahyuh', 1200000, 'Lorem ipsum dolor sit amet, consectetur adipiscing elit, sed do eiusmod tempor incididunt ut labore et dolore magna aliqua. Ut enim ad minim veniam, quis nostrud exercitation ullamco laboris nisi ut aliquip ex ea commodo consequat. Duis aute irure dolor in reprehenderit in voluptate velit esse cillum dolore eu fugiat nulla pariatur. Excepteur sint occaecat cupidatat non proident, sunt in culpa qui officia deserunt mollit anim id est laborum.', 2, '2022-12-17 11:44:42'),
(14, 'jack black meuni tiis - bwahyuh', 1400000, 'Lorem ipsum dolor sit amet, consectetur adipiscing elit, sed do eiusmod tempor incididunt ut labore et dolore magna aliqua. Ut enim ad minim veniam, quis nostrud exercitation ullamco laboris nisi ut aliquip ex ea commodo consequat. Duis aute irure dolor in reprehenderit in voluptate velit esse cillum dolore eu fugiat nulla pariatur. Excepteur sint occaecat cupidatat non proident, sunt in culpa qui officia deserunt mollit anim id est laborum.', 2, '2022-12-17 11:44:42'),
(15, 'Futurepass - Jajang', 2300000, 'Lorem ipsum dolor sit amet, consectetur adipiscing elit, sed do eiusmod tempor incididunt ut labore et dolore magna aliqua. Ut enim ad minim veniam, quis nostrud exercitation ullamco laboris nisi ut aliquip ex ea commodo consequat. Duis aute irure dolor in reprehenderit in voluptate velit esse cillum dolore eu fugiat nulla pariatur. Excepteur sint occaecat cupidatat non proident, sunt in culpa qui officia deserunt mollit anim id est laborum.', 2, '2022-12-17 11:44:42'),
(16, 'Indian castle - Jajang', 1200000, 'Lorem ipsum dolor sit amet, consectetur adipiscing elit, sed do eiusmod tempor incididunt ut labore et dolore magna aliqua. Ut enim ad minim veniam, quis nostrud exercitation ullamco laboris nisi ut aliquip ex ea commodo consequat. Duis aute irure dolor in reprehenderit in voluptate velit esse cillum dolore eu fugiat nulla pariatur. Excepteur sint occaecat cupidatat non proident, sunt in culpa qui officia deserunt mollit anim id est laborum.', 2, '2022-12-17 11:44:42'),
(17, 'Kancil Kecil - Jajang', 7500000, 'Lorem ipsum dolor sit amet, consectetur adipiscing elit, sed do eiusmod tempor incididunt ut labore et dolore magna aliqua. Ut enim ad minim veniam, quis nostrud exercitation ullamco laboris nisi ut aliquip ex ea commodo consequat. Duis aute irure dolor in reprehenderit in voluptate velit esse cillum dolore eu fugiat nulla pariatur. Excepteur sint occaecat cupidatat non proident, sunt in culpa qui officia deserunt mollit anim id est laborum.', 2, '2022-12-17 11:44:42'),
(18, 'Jejadian Rusa - Jajang', 600000, 'Lorem ipsum dolor sit amet, consectetur adipiscing elit, sed do eiusmod tempor incididunt ut labore et dolore magna aliqua. Ut enim ad minim veniam, quis nostrud exercitation ullamco laboris nisi ut aliquip ex ea commodo consequat. Duis aute irure dolor in reprehenderit in voluptate velit esse cillum dolore eu fugiat nulla pariatur. Excepteur sint occaecat cupidatat non proident, sunt in culpa qui officia deserunt mollit anim id est laborum.', 2, '2022-12-17 11:44:42'),
(19, 'Kadal Belang - Jajang', 1200000, 'Lorem ipsum dolor sit amet, consectetur adipiscing elit, sed do eiusmod tempor incididunt ut labore et dolore magna aliqua. Ut enim ad minim veniam, quis nostrud exercitation ullamco laboris nisi ut aliquip ex ea commodo consequat. Duis aute irure dolor in reprehenderit in voluptate velit esse cillum dolore eu fugiat nulla pariatur. Excepteur sint occaecat cupidatat non proident, sunt in culpa qui officia deserunt mollit anim id est laborum.', 2, '2022-12-17 11:44:42'),
(20, 'Tampan & Berani - Jajang', 3200000, 'Lorem ipsum dolor sit amet, consectetur adipiscing elit, sed do eiusmod tempor incididunt ut labore et dolore magna aliqua. Ut enim ad minim veniam, quis nostrud exercitation ullamco laboris nisi ut aliquip ex ea commodo consequat. Duis aute irure dolor in reprehenderit in voluptate velit esse cillum dolore eu fugiat nulla pariatur. Excepteur sint occaecat cupidatat non proident, sunt in culpa qui officia deserunt mollit anim id est laborum.', 2, '2022-12-17 11:44:42'),
(21, 'Olang celem - thisiscomix', 500000, 'Lorem ipsum dolor sit amet, consectetur adipiscing elit, sed do eiusmod tempor incididunt ut labore et dolore magna aliqua. Ut enim ad minim veniam, quis nostrud exercitation ullamco laboris nisi ut aliquip ex ea commodo consequat. Duis aute irure dolor in reprehenderit in voluptate velit esse cillum dolore eu fugiat nulla pariatur. Excepteur sint occaecat cupidatat non proident, sunt in culpa qui officia deserunt mollit anim id est laborum.', 3, '2022-12-17 12:05:23'),
(22, 'Holy House - thisiscomix', 1200000, 'Lorem ipsum dolor sit amet, consectetur adipiscing elit, sed do eiusmod tempor incididunt ut labore et dolore magna aliqua. Ut enim ad minim veniam, quis nostrud exercitation ullamco laboris nisi ut aliquip ex ea commodo consequat. Duis aute irure dolor in reprehenderit in voluptate velit esse cillum dolore eu fugiat nulla pariatur. Excepteur sint occaecat cupidatat non proident, sunt in culpa qui officia deserunt mollit anim id est laborum.', 3, '2022-12-17 12:05:23'),
(23, 'Prism - thisiscomix', 1200000, 'Lorem ipsum dolor sit amet, consectetur adipiscing elit, sed do eiusmod tempor incididunt ut labore et dolore magna aliqua. Ut enim ad minim veniam, quis nostrud exercitation ullamco laboris nisi ut aliquip ex ea commodo consequat. Duis aute irure dolor in reprehenderit in voluptate velit esse cillum dolore eu fugiat nulla pariatur. Excepteur sint occaecat cupidatat non proident, sunt in culpa qui officia deserunt mollit anim id est laborum.', 3, '2022-12-17 12:05:23'),
(24, 'Khoceng - thisiscomix', 9000000, 'Lorem ipsum dolor sit amet, consectetur adipiscing elit, sed do eiusmod tempor incididunt ut labore et dolore magna aliqua. Ut enim ad minim veniam, quis nostrud exercitation ullamco laboris nisi ut aliquip ex ea commodo consequat. Duis aute irure dolor in reprehenderit in voluptate velit esse cillum dolore eu fugiat nulla pariatur. Excepteur sint occaecat cupidatat non proident, sunt in culpa qui officia deserunt mollit anim id est laborum.', 3, '2022-12-17 12:05:23'),
(25, 'skul and bones - thisiscomix', 1300000, 'Lorem ipsum dolor sit amet, consectetur adipiscing elit, sed do eiusmod tempor incididunt ut labore et dolore magna aliqua. Ut enim ad minim veniam, quis nostrud exercitation ullamco laboris nisi ut aliquip ex ea commodo consequat. Duis aute irure dolor in reprehenderit in voluptate velit esse cillum dolore eu fugiat nulla pariatur. Excepteur sint occaecat cupidatat non proident, sunt in culpa qui officia deserunt mollit anim id est laborum.', 3, '2022-12-17 12:05:23'),
(26, 'Calm slow down - thisiscomix', 4500000, 'Lorem ipsum dolor sit amet, consectetur adipiscing elit, sed do eiusmod tempor incididunt ut labore et dolore magna aliqua. Ut enim ad minim veniam, quis nostrud exercitation ullamco laboris nisi ut aliquip ex ea commodo consequat. Duis aute irure dolor in reprehenderit in voluptate velit esse cillum dolore eu fugiat nulla pariatur. Excepteur sint occaecat cupidatat non proident, sunt in culpa qui officia deserunt mollit anim id est laborum.', 3, '2022-12-17 12:05:23'),
(27, 'Satanic nabati - thisiscomix', 1500000, 'Lorem ipsum dolor sit amet, consectetur adipiscing elit, sed do eiusmod tempor incididunt ut labore et dolore magna aliqua. Ut enim ad minim veniam, quis nostrud exercitation ullamco laboris nisi ut aliquip ex ea commodo consequat. Duis aute irure dolor in reprehenderit in voluptate velit esse cillum dolore eu fugiat nulla pariatur. Excepteur sint occaecat cupidatat non proident, sunt in culpa qui officia deserunt mollit anim id est laborum.', 3, '2022-12-17 12:05:23'),
(28, 'Moonlight - thisiscomix', 600000, 'Lorem ipsum dolor sit amet, consectetur adipiscing elit, sed do eiusmod tempor incididunt ut labore et dolore magna aliqua. Ut enim ad minim veniam, quis nostrud exercitation ullamco laboris nisi ut aliquip ex ea commodo consequat. Duis aute irure dolor in reprehenderit in voluptate velit esse cillum dolore eu fugiat nulla pariatur. Excepteur sint occaecat cupidatat non proident, sunt in culpa qui officia deserunt mollit anim id est laborum.', 3, '2022-12-17 12:05:23'),
(29, 'huft - thisiscomix', 1200000, 'Lorem ipsum dolor sit amet, consectetur adipiscing elit, sed do eiusmod tempor incididunt ut labore et dolore magna aliqua. Ut enim ad minim veniam, quis nostrud exercitation ullamco laboris nisi ut aliquip ex ea commodo consequat. Duis aute irure dolor in reprehenderit in voluptate velit esse cillum dolore eu fugiat nulla pariatur. Excepteur sint occaecat cupidatat non proident, sunt in culpa qui officia deserunt mollit anim id est laborum.', 3, '2022-12-17 12:05:23'),
(30, 'Futurelife - thisiscomix', 2300000, 'Lorem ipsum dolor sit amet, consectetur adipiscing elit, sed do eiusmod tempor incididunt ut labore et dolore magna aliqua. Ut enim ad minim veniam, quis nostrud exercitation ullamco laboris nisi ut aliquip ex ea commodo consequat. Duis aute irure dolor in reprehenderit in voluptate velit esse cillum dolore eu fugiat nulla pariatur. Excepteur sint occaecat cupidatat non proident, sunt in culpa qui officia deserunt mollit anim id est laborum.', 3, '2022-12-17 12:05:23'),
(31, 'Mother Moon - thisiscomix', 5000000, 'Lorem ipsum dolor sit amet, consectetur adipiscing elit, sed do eiusmod tempor incididunt ut labore et dolore magna aliqua. Ut enim ad minim veniam, quis nostrud exercitation ullamco laboris nisi ut aliquip ex ea commodo consequat. Duis aute irure dolor in reprehenderit in voluptate velit esse cillum dolore eu fugiat nulla pariatur. Excepteur sint occaecat cupidatat non proident, sunt in culpa qui officia deserunt mollit anim id est laborum.', 3, '2022-12-17 12:05:23'),
(32, 'Ending - thisiscomix', 2300000, 'Lorem ipsum dolor sit amet, consectetur adipiscing elit, sed do eiusmod tempor incididunt ut labore et dolore magna aliqua. Ut enim ad minim veniam, quis nostrud exercitation ullamco laboris nisi ut aliquip ex ea commodo consequat. Duis aute irure dolor in reprehenderit in voluptate velit esse cillum dolore eu fugiat nulla pariatur. Excepteur sint occaecat cupidatat non proident, sunt in culpa qui officia deserunt mollit anim id est laborum.', 3, '2022-12-17 12:05:23'),
(33, 'Love & Lust - thisiscomix', 1200000, 'Lorem ipsum dolor sit amet, consectetur adipiscing elit, sed do eiusmod tempor incididunt ut labore et dolore magna aliqua. Ut enim ad minim veniam, quis nostrud exercitation ullamco laboris nisi ut aliquip ex ea commodo consequat. Duis aute irure dolor in reprehenderit in voluptate velit esse cillum dolore eu fugiat nulla pariatur. Excepteur sint occaecat cupidatat non proident, sunt in culpa qui officia deserunt mollit anim id est laborum.', 3, '2022-12-17 12:05:23'),
(73, 'aku ganteng - bwahyuh', 12000000, 'awoawkoawkokawoa', 1, '2023-01-05 15:02:32');

-- --------------------------------------------------------

--
-- Table structure for table `viewcart`
--

CREATE TABLE `viewcart` (
  `cartItemId` int(11) NOT NULL,
  `vartId` int(11) NOT NULL,
  `itemQuantity` int(100) NOT NULL,
  `userId` int(11) NOT NULL,
  `addedDate` datetime NOT NULL DEFAULT current_timestamp()
) ENGINE=InnoDB DEFAULT CHARSET=utf8mb4;

--
-- Indexes for dumped tables
--

--
-- Indexes for table `categories`
--
ALTER TABLE `categories`
  ADD PRIMARY KEY (`categorieId`);
ALTER TABLE `categories` ADD FULLTEXT KEY `categorieName` (`categorieName`,`categorieDesc`);

--
-- Indexes for table `deliverydetails`
--
ALTER TABLE `deliverydetails`
  ADD PRIMARY KEY (`id`),
  ADD UNIQUE KEY `orderId` (`orderId`);

--
-- Indexes for table `orderitems`
--
ALTER TABLE `orderitems`
  ADD PRIMARY KEY (`id`);

--
-- Indexes for table `orders`
--
ALTER TABLE `orders`
  ADD PRIMARY KEY (`orderId`);

--
-- Indexes for table `sitedetail`
--
ALTER TABLE `sitedetail`
  ADD PRIMARY KEY (`tempId`);

--
-- Indexes for table `users`
--
ALTER TABLE `users`
  ADD PRIMARY KEY (`id`) USING BTREE,
  ADD UNIQUE KEY `username` (`username`);

--
-- Indexes for table `vart`
--
ALTER TABLE `vart`
  ADD PRIMARY KEY (`vartId`);
ALTER TABLE `vart` ADD FULLTEXT KEY `vartName` (`vartName`,`vartDesc`);

--
-- Indexes for table `viewcart`
--
ALTER TABLE `viewcart`
  ADD PRIMARY KEY (`cartItemId`);

--
-- AUTO_INCREMENT for dumped tables
--

--
-- AUTO_INCREMENT for table `categories`
--
ALTER TABLE `categories`
  MODIFY `categorieId` int(12) NOT NULL AUTO_INCREMENT, AUTO_INCREMENT=24;

--
-- AUTO_INCREMENT for table `deliverydetails`
--
ALTER TABLE `deliverydetails`
  MODIFY `id` int(21) NOT NULL AUTO_INCREMENT;

--
-- AUTO_INCREMENT for table `orderitems`
--
ALTER TABLE `orderitems`
  MODIFY `id` int(21) NOT NULL AUTO_INCREMENT, AUTO_INCREMENT=19;

--
-- AUTO_INCREMENT for table `orders`
--
ALTER TABLE `orders`
  MODIFY `orderId` int(21) NOT NULL AUTO_INCREMENT, AUTO_INCREMENT=9;

--
-- AUTO_INCREMENT for table `sitedetail`
--
ALTER TABLE `sitedetail`
  MODIFY `tempId` int(11) NOT NULL AUTO_INCREMENT, AUTO_INCREMENT=3;

--
-- AUTO_INCREMENT for table `users`
--
ALTER TABLE `users`
  MODIFY `id` int(21) NOT NULL AUTO_INCREMENT, AUTO_INCREMENT=3;

--
-- AUTO_INCREMENT for table `vart`
--
ALTER TABLE `vart`
  MODIFY `vartId` int(12) NOT NULL AUTO_INCREMENT, AUTO_INCREMENT=74;

--
-- AUTO_INCREMENT for table `viewcart`
--
ALTER TABLE `viewcart`
  MODIFY `cartItemId` int(11) NOT NULL AUTO_INCREMENT, AUTO_INCREMENT=21;
COMMIT;

/*!40101 SET CHARACTER_SET_CLIENT=@OLD_CHARACTER_SET_CLIENT */;
/*!40101 SET CHARACTER_SET_RESULTS=@OLD_CHARACTER_SET_RESULTS */;
/*!40101 SET COLLATION_CONNECTION=@OLD_COLLATION_CONNECTION */;
